{
  "norm_stats": {
    "state": {
      "mean": [
        0.3319077491760254,
        0.0823073536157608,
        0.2084352672100067,
        -0.08694235235452652,
        -0.24750755727291107,
        0.19687534868717194,
        0.7787334322929382
      ],
      "std": [
        0.06459671258926392,
        0.08314991742372513,
        0.06067179888486862,
        0.2281009405851364,
        0.2916853129863739,
        0.3704235255718231,
        0.32457292079925537
      ],
      "q01": [
        0.11843909323215485,
        -0.11259593814611435,
        0.10590872168540955,
        -0.9711158275604248,
        -1.3280136585235596,
        -0.6017143726348877,
        0.047691695392131805
      ],
      "q99": [
        0.46880072355270386,
        0.2589392364025116,
        0.3999980092048645,
        0.2020115852355957,
        0.08430063724517822,
        1.2629332542419434,
        1.0127261877059937
      ]
    },
    "actions": {
      "mean": [
        -0.3312244117259979,
        -0.08202172070741653,
        -0.20846803486347198,
        0.08693194389343262,
        0.24660515785217285,
        -0.19677093625068665,
        0.6247305274009705
      ],
      "std": [
        0.06742039322853088,
        0.08553982526063919,
        0.06252866238355637,
        0.2301664650440216,
        0.2958083748817444,
        0.3757743835449219,
        0.48174476623535156
      ],
      "q01": [
        -0.47048071026802063,
        -0.2636241614818573,
        -0.4061124622821808,
        -0.2119741439819336,
        -0.09455470740795135,
        -1.2775930166244507,
        0.0
      ],
      "q99": [
        -0.10935550928115845,
        0.11867240071296692,
        -0.10168072581291199,
        0.9783618450164795,
        1.3368475437164307,
        0.6131839752197266,
        0.9997999668121338
      ]
    }
  }
}