{
  "norm_stats": {
    "state": {
      "mean": [
        0.3043333888053894,
        0.077504463493824,
        0.2211414873600006,
        0.016945822164416313,
        -0.23287279903888702,
        0.08291040360927582,
        0.8381317853927612
      ],
      "std": [
        0.09005091339349747,
        0.060246579349040985,
        0.06441369652748108,
        0.0696205198764801,
        0.24272942543029785,
        0.10348012298345566,
        0.31858059763908386
      ],
      "q01": [
        0.11769993603229523,
        -0.0659680962562561,
        0.13387376070022583,
        -0.22508426010608673,
        -1.065003514289856,
        -0.16918238997459412,
        0.04905238002538681
      ],
      "q99": [
        0.4272576570510864,
        0.1865759938955307,
        0.40077003836631775,
        0.17057624459266663,
        0.04187631607055664,
        0.3914671838283539,
        1.0013797283172607
      ]
    },
    "actions": {
      "mean": [
        -0.30033859610557556,
        -0.07603282481431961,
        -0.2215382307767868,
        -0.015585143119096756,
        0.2297850251197815,
        -0.08342296630144119,
        0.7586838006973267
      ],
      "std": [
        0.09505515545606613,
        0.0633019432425499,
        0.06450281292200089,
        0.07196272909641266,
        0.24375133216381073,
        0.10586446523666382,
        0.42740538716316223
      ],
      "q01": [
        -0.43000301718711853,
        -0.19296503067016602,
        -0.401925653219223,
        -0.1767662763595581,
        -0.07456167042255402,
        -0.3973020315170288,
        0.0
      ],
      "q99": [
        -0.10128840804100037,
        0.06380538642406464,
        -0.12314143776893616,
        0.22106796503067017,
        1.0659536123275757,
        0.1690385341644287,
        0.9997999668121338
      ]
    }
  }
}