{
  "norm_stats": {
    "state": {
      "mean": [
        0.3043333888053894,
        0.077504463493824,
        0.2211414873600006,
        0.016945822164416313,
        -0.23287279903888702,
        0.08291040360927582,
        0.8381317853927612
      ],
      "std": [
        0.09005091339349747,
        0.060246579349040985,
        0.06441369652748108,
        0.0696205198764801,
        0.24272942543029785,
        0.10348012298345566,
        0.31858059763908386
      ],
      "q01": [
        0.11769993603229523,
        -0.0659680962562561,
        0.13387376070022583,
        -0.22508426010608673,
        -1.065003514289856,
        -0.16918238997459412,
        0.04905238002538681
      ],
      "q99": [
        0.4272576570510864,
        0.1865759938955307,
        0.40077003836631775,
        0.17057624459266663,
        0.04187631607055664,
        0.3914671838283539,
        1.0013797283172607
      ]
    },
    "actions": {
      "mean": [
        0.003995791543275118,
        0.001471726456657052,
        -0.0003968745586462319,
        0.0013606863794848323,
        -0.003086996730417013,
        -0.0005122267757542431,
        0.7586838006973267
      ],
      "std": [
        0.006289149168878794,
        0.005392206367105246,
        0.005044339224696159,
        0.00832154881209135,
        0.01686961017549038,
        0.011638880707323551,
        0.42740538716316223
      ],
      "q01": [
        -0.007316812872886658,
        -0.011874780058860779,
        -0.00905001163482666,
        -0.01738317310810089,
        -0.060816410928964615,
        -0.02908891811966896,
        0.0
      ],
      "q99": [
        0.019364237785339355,
        0.014653339982032776,
        0.01721835881471634,
        0.02782517671585083,
        0.02641172707080841,
        0.03201933950185776,
        0.9997999668121338
      ]
    }
  }
}